-- Reset and Re-create Tables
SET FOREIGN_KEY_CHECKS = 0;
DROP TABLE IF EXISTS companies;
DROP TABLE IF EXISTS provinces;
DROP TABLE IF EXISTS regions;
SET FOREIGN_KEY_CHECKS = 1;

-- 1. Create Regions Table
CREATE TABLE regions (
    id INT PRIMARY KEY,
    name_en VARCHAR(50),
    name_th VARCHAR(100)
) ENGINE=InnoDB DEFAULT CHARSET=utf8mb4 COLLATE=utf8mb4_unicode_ci;

-- 2. Insert Data into Regions
INSERT INTO regions (id, name_en, name_th) VALUES
(1, 'Central', 'ภาคกลาง'),
(2, 'Northeast', 'ภาคตะวันออกเฉียงเหนือ'),
(3, 'North', 'ภาคเหนือ'),
(4, 'South', 'ภาคใต้'),
(5, 'East', 'ภาคตะวันออก'),
(6, 'West', 'ภาคตะวันตก'),
(7, 'International', 'ต่างประเทศ');

-- 3. Create Provinces Table
CREATE TABLE provinces (
    id INT PRIMARY KEY,
    name_th VARCHAR(100),
    region_id INT,
    FOREIGN KEY (region_id) REFERENCES regions(id)
) ENGINE=InnoDB DEFAULT CHARSET=utf8mb4 COLLATE=utf8mb4_unicode_ci;

-- 4. Insert Data into Provinces
INSERT INTO provinces (id, name_th, region_id) VALUES
(1, 'กระบี่', 4),
(2, 'กรุงเทพมหานคร', 1),
(3, 'กาฬสินธุ์', 2),
(4, 'ขอนแก่น', 2),
(5, 'จันทบุรี', 5),
(6, 'ฉะเชิงเทรา', 5),
(7, 'ชลบุรี', 5),
(8, 'ชัยนาท', 1),
(9, 'ชัยภูมิ', 2),
(10, 'เชียงใหม่', 3),
(11, 'นครปฐม', 1),
(12, 'นครพนม', 2),
(13, 'นครราชสีมา', 2),
(14, 'นครศรีธรรมราช', 4),
(15, 'นนทบุรี', 1),
(16, 'บึงกาฬ', 2),
(17, 'บุรีรัมย์', 2),
(18, 'ปทุมธานี', 1),
(19, 'ปราจีนบุรี', 5),
(20, 'พระนครศรีอยุธยา', 1),
(21, 'พังงา', 4),
(22, 'พิษณุโลก', 3),
(23, 'ภูเก็ต', 4),
(24, 'มหาสารคาม', 2),
(25, 'มุกดาหาร', 2),
(26, 'ยโสธร', 2),
(27, 'ยะลา', 4),
(28, 'ร้อยเอ็ด', 2),
(29, 'ระยอง', 5),
(30, 'ลพบุรี', 1),
(31, 'ลำปาง', 3),
(32, 'เลย', 2),
(33, 'ศรีสะเกษ', 2),
(34, 'สกลนคร', 2),
(35, 'สงขลา', 4),
(36, 'สมุทรปราการ', 1),
(37, 'สมุทรสาคร', 1),
(38, 'สระบุรี', 1),
(39, 'สุพรรณบุรี', 1),
(40, 'สุราษฎร์ธานี', 4),
(41, 'สุรินทร์', 2),
(42, 'หนองคาย', 2),
(43, 'หนองบัวลำภู', 2),
(44, 'อ่างทอง', 1),
(45, 'อำนาจเจริญ', 2),
(46, 'อุดรธานี', 2),
(47, 'อุบลราชธานี', 2),
(48, 'ประจวบคีรีขันธ์', 6),
(49, 'นราธิวาส', 4),
(50, 'สตูล', 4),
(51, 'กาญจนบุรี', 6),
(52, 'กำแพงเพชร', 1),
(53, 'ชุมพร', 4),
(54, 'เชียงราย', 3),
(55, 'ตรัง', 4),
(56, 'ตราด', 5),
(57, 'ตาก', 6),
(58, 'นครนายก', 1),
(59, 'นครสวรรค์', 1),
(60, 'น่าน', 3),
(61, 'ปัตตานี', 4),
(62, 'พะเยา', 3),
(63, 'พัทลุง', 4),
(64, 'พิจิตร', 1),
(65, 'เพชรบุรี', 6),
(66, 'เพชรบูรณ์', 1),
(67, 'แพร่', 3),
(68, 'แม่ฮ่องสอน', 3),
(69, 'ระนอง', 4),
(70, 'ราชบุรี', 6),
(71, 'ลำพูน', 3),
(72, 'สมุทรสงคราม', 1),
(73, 'สระแก้ว', 5),
(74, 'สิงห์บุรี', 1),
(75, 'สุโขทัย', 1),
(76, 'อุตรดิตถ์', 3),
(77, 'อุทัยธานี', 1),
(78, 'ต่างประเทศ', 7);

-- 5. Create Companies Table
CREATE TABLE companies (
    id INT AUTO_INCREMENT PRIMARY KEY,
    name VARCHAR(150) NOT NULL,
    address TEXT,
    province INT, -- Storing Province ID
    contact_person VARCHAR(100),
    phone VARCHAR(20),
    email VARCHAR(100),
    description TEXT,
    status ENUM('pending', 'approved', 'rejected') DEFAULT 'pending',
    created_by INT,
    created_at TIMESTAMP DEFAULT CURRENT_TIMESTAMP,
    FOREIGN KEY (province) REFERENCES provinces(id)
) ENGINE=InnoDB DEFAULT CHARSET=utf8mb4 COLLATE=utf8mb4_unicode_ci;

-- 6. Insert Data into Companies
INSERT INTO companies (id, name, address, province, contact_person, phone, description, status) VALUES
(719, 'Zeavola Resort', 'เลขที่ 11 หมู่ที่ 8 อ่าวนาง เมือง 81000', 1, 'Human Resoures Supervisor', '075-627000', 'ธุรกิจโรงแรม', 'approved'),
(720, 'โรงแรมรายาวดี', 'เลขที่214หมู่ที่ 2 อ่าวนาง เมือง 81000', 1, 'Human Resoures Supervisor', '075-620740', 'ธุรกิจโรงแรม', 'approved'),
(754, 'บริษัท สำนักงานที่ปรึกษาทางธุรกิจและการบัญชี จำกัด', 'อาคาร คิวเฮ้าส์(อโศก) ชั้น14 ถนนสุขุมวิท21 คลองเตยเหนือ วัฒนา 10110', 2, 'กรรมการ', '02-6464299', 'รับทำบัญชี วางระบบบัญชี', 'approved'),
(756, 'บริษัท สกอลาร์ แอคเคาท์ติ้ง จำกัด', 'เลขที่235 หมู่ที่ 28 ถนนราษฎร์พัฒนา สะพานสูง สะพานสูง 10240', 2, 'ผู้จัดการฝ่ายบัญชี', '02-5401281', 'สำนักงานบัญชี รับทำบัญชี', 'approved'),
(124, 'ธนาคารแห่งประเทศไทยสำนักงานภาคตะวันออกเฉียงเหนือ', 'เลขที่ 393 ถนนศรีจันทร์ ในเมือง เมือง 40000', 4, 'ผู้ว่าการธนาคารแห่งประเทศไทย', '043-333000ต่อ3610-3613', 'ธนาคารกลาง ดูแลเสถียรภาพทางการเงินของประเทศ', 'approved'),
(125, 'บริษัท บิ๊กซี ซุปเปอร์เซ็นเตอร์ จำกัด (มหาชน) สาขาขอนแก่น', 'เลขที่ 290/1 หมู่17 ในเมือง เมือง 40000', 4, 'ผู้จัดการฝ่ายทรัพยากรมนุษย์', '043-325500', 'เป็นธุรกิจห้างสรรพสินค้า จำหน่ายสินค้าปลีก-ส่ง', 'approved'),
(126, 'บริษัท ขอนแก่น บริวเวอรี่ จำกัด', 'เลขที่ 333 หมู่19 ท่าพระ เมือง 40260', 4, 'ผู้จัดการฝ่ายบุคคล', '043-258666', 'เป็นธุรกิจผลิตน้ำดื่ม โซดา เบียร์', 'approved'),
(283, 'โรงพยาบาลกาฬสินธุ์', 'เลขที่ 283 ถนนกาฬสินธุ์ กาฬสินธุ์ เมือง 46000', 3, 'หัวหน้ากลุ่มงานการเงินและบัญชี', '043-811520', 'หน่วยงานราชการดูแลเกี่ยวกับด้านสุขภาพ', 'approved'),
(10, 'บริษัท เชียงใหม่โฟรเซ่นฟู้ดส์ จำกัด (มหาชน)', '149/34 ซอยแองโกลพลาซ่า ถนนสุรวงศ์ สุริยวงศ์ บางรัก 10500', 10, 'ผู้จัดการ', '02-238-4091', 'ผลิตและส่งออกผักแช่แข็ง', 'approved'),
(22, 'บริษัท พิษณุโลก ยานยนต์ จำกัด', '19/9 ถนนสิงหวัฒน์ ในเมือง เมือง 65000', 22, 'ผู้จัดการ', '055-258888', 'จำหน่ายรถยนต์', 'approved'),
(23, 'โรงแรมภูเก็ต เกรซแลนด์ รีสอร์ท แอนด์ สปา', '190 ถนนทวีวงศ์ ป่าตอง กะทู้ 83150', 23, 'HR Manager', '076-370500', 'โรงแรมและรีสอร์ท', 'approved'),
(7, 'บริษัท ชลบุรี คอนกรีต จำกัด', '111 หมู่ 1 เสม็ด เมือง 20000', 7, 'ผู้จัดการ', '038-123456', 'ผลิตคอนกรีตผสมเสร็จ', 'approved');
